,0,1,2,3,4,5,6,7,8,9,10,11,12,13,14,15,16,17,18,19,20,21,22,23,24,25,26,27,28,29,30,31,32,33,34,35,36,37,38,39,40,41,42,43,44,45,46,47,48,49,50,51,52,53,54,55,56,57,58,59,60,61,62,63,64,65,66,67,68,69,70,71,72,73,74,75,76,77,78,79,80,81,82,83,84,85,86,87,88,89,90,91,92,93,94,95,96,97,98,99,100,101,102,103,104,105,106,107,108,109,110,111,112,113,114,115,116,117,118,119,120,121,122,123,124,125,126,127,128,129,130,131,132,133,134,135,136,137,138,139,140,141,142,143,144,145,146,147,148,149,150,151,152,153,154,155,156,157,158,159,160,161,162,163,164,165,166,167,168,169,170,171
cond,,,,,,,,,,,,,,"(3, 0, 20, 0.1)","(3, 0, 20, 0.5)","(3, 0, 30, 0.1)","(3, 0, 30, 0.5)","(3, 1, 20, 0.1)","(3, 1, 20, 0.5)","(3, 1, 30, 0.1)","(3, 1, 30, 0.5)","(3, 2, 20, 0.05)","(3, 2, 20, 0.1)","(3, 2, 20, 0.3)","(3, 2, 20, 0.5)","(3, 2, 23, 0.05)","(3, 2, 23, 0.1)","(3, 2, 23, 0.3)","(3, 2, 23, 0.5)","(3, 2, 27, 0.05)","(3, 2, 27, 0.1)","(3, 2, 27, 0.3)","(3, 2, 27, 0.5)","(3, 2, 30, 0.05)","(3, 2, 30, 0.1)","(3, 2, 30, 0.3)","(3, 2, 30, 0.5)","(3, 2, 40, 0.05)","(3, 2, 40, 0.1)","(3, 2, 40, 0.3)","(3, 2, 40, 0.5)","(3, 2, 50, 0.05)","(3, 2, 50, 0.1)","(3, 2, 50, 0.3)","(3, 2, 50, 0.5)","(3, 5, 20, 0.1)","(3, 5, 20, 0.5)","(3, 5, 30, 0.1)","(3, 5, 30, 0.5)","(3, 10, 20, 0.1)","(3, 10, 20, 0.5)","(3, 10, 30, 0.1)","(3, 10, 30, 0.5)","(4, 0, 20, 0.1)","(4, 0, 20, 0.5)","(4, 0, 30, 0.5)","(4, 1, 20, 0.1)","(4, 1, 20, 0.5)","(4, 1, 30, 0.1)","(4, 1, 30, 0.5)","(4, 2, 20, 0.05)","(4, 2, 20, 0.1)","(4, 2, 20, 0.3)","(4, 2, 20, 0.5)","(4, 2, 23, 0.05)","(4, 2, 23, 0.1)","(4, 2, 23, 0.3)","(4, 2, 23, 0.5)","(4, 2, 27, 0.05)","(4, 2, 27, 0.1)","(4, 2, 27, 0.3)","(4, 2, 27, 0.5)","(4, 2, 30, 0.05)","(4, 2, 30, 0.1)","(4, 2, 30, 0.3)","(4, 2, 30, 0.5)","(4, 2, 40, 0.05)","(4, 2, 40, 0.1)","(4, 2, 40, 0.3)","(4, 2, 40, 0.5)","(4, 2, 50, 0.05)","(4, 2, 50, 0.1)","(4, 2, 50, 0.3)","(4, 2, 50, 0.5)","(4, 5, 20, 0.1)","(4, 5, 20, 0.5)","(4, 5, 30, 0.1)","(4, 5, 30, 0.5)","(4, 10, 20, 0.1)","(4, 10, 20, 0.5)","(4, 10, 30, 0.1)","(4, 10, 30, 0.5)","(5, 0, 20, 0.1)","(5, 0, 20, 0.5)","(5, 0, 30, 0.1)","(5, 0, 30, 0.5)","(5, 1, 20, 0.1)","(5, 1, 20, 0.5)","(5, 1, 30, 0.1)","(5, 1, 30, 0.5)","(5, 2, 20, 0.05)","(5, 2, 20, 0.1)","(5, 2, 20, 0.3)","(5, 2, 20, 0.5)","(5, 2, 23, 0.05)","(5, 2, 23, 0.1)","(5, 2, 23, 0.3)","(5, 2, 23, 0.5)","(5, 2, 27, 0.05)","(5, 2, 27, 0.1)","(5, 2, 27, 0.3)","(5, 2, 27, 0.5)","(5, 2, 30, 0.05)","(5, 2, 30, 0.1)","(5, 2, 30, 0.3)","(5, 2, 30, 0.5)","(5, 2, 40, 0.05)","(5, 2, 40, 0.1)","(5, 2, 40, 0.3)","(5, 2, 40, 0.5)","(5, 2, 50, 0.05)","(5, 2, 50, 0.1)","(5, 2, 50, 0.3)","(5, 2, 50, 0.5)","(5, 5, 20, 0.1)","(5, 5, 20, 0.5)","(5, 5, 30, 0.1)","(5, 5, 30, 0.5)","(5, 10, 20, 0.1)","(5, 10, 20, 0.5)","(5, 10, 30, 0.1)","(5, 10, 30, 0.5)","(6, 0, 20, 0.1)","(6, 0, 20, 0.5)","(6, 0, 30, 0.1)","(6, 0, 30, 0.5)","(6, 1, 20, 0.1)","(6, 1, 20, 0.5)","(6, 1, 30, 0.1)","(6, 1, 30, 0.5)","(6, 2, 20, 0.05)","(6, 2, 20, 0.1)","(6, 2, 20, 0.3)","(6, 2, 20, 0.5)","(6, 2, 23, 0.05)","(6, 2, 23, 0.1)","(6, 2, 23, 0.3)","(6, 2, 23, 0.5)","(6, 2, 27, 0.05)","(6, 2, 27, 0.1)","(6, 2, 27, 0.3)","(6, 2, 27, 0.5)","(6, 2, 30, 0.05)","(6, 2, 30, 0.1)","(6, 2, 30, 0.3)","(6, 2, 30, 0.5)","(6, 2, 40, 0.05)","(6, 2, 40, 0.1)","(6, 2, 40, 0.3)","(6, 2, 40, 0.5)","(6, 2, 50, 0.05)","(6, 2, 50, 0.1)","(6, 2, 50, 0.3)","(6, 2, 50, 0.5)","(6, 5, 20, 0.1)","(6, 5, 20, 0.5)","(6, 5, 30, 0.1)","(6, 5, 30, 0.5)","(6, 10, 20, 0.1)","(6, 10, 20, 0.5)","(6, 10, 30, 0.1)","(6, 10, 30, 0.5)"
l1,,,,,,,,,,,,,,4666.562061161079,1463.0953788718143,1597.795843798604,1456.4224252504491,4499.189633675578,1177.3227403486235,1260.4802514047137,1605.823856602005,5259.11809171375,984.7574621183749,5152.821200341701,4886.079969774471,2384.0623985731763,1630.8256053799787,1367.1417933019525,1666.5800688165295,5482.504258673561,1948.8713185091576,1706.5618781642866,838.3983160946159,2019.3017070128826,1589.439398017591,1478.5061126644673,4921.689018819552,5121.913865241044,1874.6025625818643,1272.9358943778416,759.562655167284,5689.324258816267,1559.7213055152847,1321.4571275919438,1647.8636906923432,5743.282653671108,6044.61816312113,1922.841711297161,745.0154302194333,9067.901324479311,1413.0236853045517,7822.163937261104,2084.886139496255,2222.094645624339,2212.39648788265,1507.7360100627075,8478.96974346626,1685.644811453246,7896.849532641509,2547.570234988909,7815.558738498859,2559.309625511769,2938.811398716234,5729.272160158952,9038.81033567253,6667.298378503837,6455.5881780286745,6387.064645729821,7588.196359123362,3755.2480424910523,2490.9878122489754,1744.452731318811,9393.820919062733,4040.394269414101,6385.522742019667,3335.5468410342382,6265.587290928248,7102.198686720175,5492.833080475007,6417.944134451731,6762.07985816765,3109.268636343928,2563.795761334104,6218.675389161635,8550.196636860415,2666.234986057137,9211.218373294701,7968.845524543039,11871.340733684874,3383.1211925330417,13581.597588575565,3836.8851257262613,9912.410031151981,2251.3843737148545,8967.631599151708,6670.407750616374,4718.695220490028,3722.784578010168,9713.245262366774,2884.2972323454824,10665.542791370734,2812.10119526389,9993.15296349055,3037.6893805395157,5211.864676073249,4473.8839978361375,4473.4829221425425,3909.564136052262,9592.600911834812,10018.247415224148,9087.368408769406,4654.903471959652,11820.873296584457,10094.347936268387,4135.639981333776,7517.203677226156,11578.701023506155,5602.66757509561,4045.8709270752697,2262.643414250686,6938.109174778659,12973.44010726448,9084.29279750193,4719.363373489983,11464.414244076077,10394.055560235473,12478.595624485095,6402.944386967556,8952.195681488563,7519.170809028197,14144.414800202456,6142.7976165044465,6045.528628941319,4219.1179717178,11595.482586844577,3416.0036318853417,11222.996686302677,4431.114073065548,9543.625101660009,8027.077131265854,13411.022024970853,6485.770901323158,7014.841097738905,5100.776204622417,12855.71742728266,11405.259336585055,4896.673761361534,4558.915829380557,8408.17559355397,7012.665843495381,6628.768774346652,10234.491641824778,11300.198023201372,9787.385763193515,6290.734845396709,4518.591481175161,12170.556112938797,12651.63342229836,9406.169803563918,11480.528986584324,14207.433478811237,7092.851907942218,5470.968015808288,4937.865043081253,13757.794111101392,7377.541358723749,13351.093975662596,10973.93468830044,13281.525138120693,9165.502040385498,11742.944879538923,6507.297370326813
l2,,,,,,,,,,,,,,1911.340596212806,4459.163970175944,3081.3955673282594,2719.0844694845605,3037.647222616915,4505.646995373914,3582.2176743902764,4734.363729889931,3044.79138759253,4211.65480912522,2269.4935162284173,1696.223225190389,3514.4318885455787,5894.849620320987,3588.4014925157967,4043.7397815280633,2245.692079769402,2908.230294902302,3359.0483731614727,4035.726287629824,3738.859535261625,5012.193863444,4860.920258757366,3377.9599658389498,2679.229366744296,3535.7994566366247,3980.9298492708663,3877.5432538551363,3930.739012723166,4839.069686041613,4968.303378725916,3260.331639553216,2393.2995716876935,2088.0229415662416,4466.714636967967,4001.790435907273,5911.804392234787,5859.285572089266,5568.991951043684,5647.795828634453,5512.125173814218,5164.668066540524,5146.388105668796,4738.541490002043,5077.431391722889,4478.115660975959,4746.0462570566815,5526.951771488782,5251.976929530575,5453.688228636369,3581.341998924524,4405.985082834006,4548.8563172530185,3888.041992591526,4359.284870779392,5919.045985942507,6744.206214535234,4555.673980550538,5673.24136684746,5522.521891302196,6531.946153401366,3865.7161781845243,5215.4630486742435,5090.499410875631,4917.631239600473,5243.243781535044,3708.433753123911,6055.866281926683,5283.088440455254,6340.616195491265,3822.2863993344263,6780.326602823032,7222.901747728192,5540.128750579295,6064.342328540648,5486.140685906899,7990.291333486628,8426.792027252535,10270.504365348084,5890.527196489189,6181.949181378895,5913.514346391802,5082.279829087356,7330.374786239838,7397.2484993304715,6961.780967825223,7020.605758411793,7675.35816713143,6968.4762120486985,6392.206265963744,6506.660731875283,8902.426157804197,6589.884526984496,6402.0100087124265,8083.177616122475,8017.5265916022745,6259.198527764634,5260.491776603967,6610.735328274337,6313.812893994488,4905.771718594062,6949.916335765348,5270.53865436177,9730.45729450528,8527.988606793922,9727.314104274687,6377.90432871831,10444.928845966311,7493.544888858643,6096.201634709417,6753.267982424878,8161.149823455085,4717.498590687403,6332.370171665946,8498.907628158539,10654.398251824747,8462.118573712241,11993.008159104507,8639.413627824519,8622.431400429281,6301.345799084219,7033.842687310203,8445.142498308594,7781.139325646921,6815.626330686622,8282.512869158421,5556.305722641698,9179.935356775868,7265.0311181178795,9346.58948557852,8181.1453578971,10408.03291321558,7604.396297077745,10819.781227454028,9476.447629128073,11213.791687487428,10628.642192134539,8455.628163140202,8056.195309819259,10360.010816755439,8627.545978363107,7918.31460716591,8307.53581401009,9056.411319237302,9057.657348904837,11173.455035937723,5856.791696777988,9745.608199055469,10745.591585536591,9245.710093803118,8582.921344453935,10655.851692071854,8558.00758859871,10870.0726132551,9320.410950063892,17650.39062981904,19152.30648980066,19081.075752261848,13011.871062062783
l3,,,,,,,,,,,,,,2923.298745094678,3057.571149495006,4587.211717378945,3877.44476801284,1781.8959527359655,3490.336051526748,4703.240219811774,3287.5159604501564,2546.042384718957,5085.9289849770375,3009.1825655050693,3381.5034304685655,5799.752788346436,4389.583955713178,4766.533241352475,2765.446483629195,3342.549783866889,4788.1690236992135,4910.759583450416,3489.7314058589345,5613.523093813973,3715.4933254965476,3501.04302549784,1637.86699140057,2875.717759167105,5218.704377417291,5174.437509906729,4078.869797984047,1946.2236695072984,3533.2791239089383,3857.138498017882,4740.113198587393,3975.3969658539595,4032.599130103601,5992.311940219069,3758.992231862785,3445.8433986986,4624.495151178047,2517.8761820533246,7617.623166887262,4353.341108364194,5251.8915354325745,5650.254154468112,3957.350676453598,5607.875633884766,3839.299291330229,5555.016052707709,4334.904177759555,5992.548796372502,6509.896950743869,3403.1457512226025,4817.512413697216,5205.087156850085,3363.575503423373,3465.881508208413,4387.536185172744,5331.699150663623,5832.604054187128,6257.779524713072,4103.885638910403,5696.981919124499,4290.39337251549,5292.677605862903,5620.635272536191,4154.328465160216,3381.5903213142615,3250.9052086193583,5331.093277227422,6987.04811366606,5658.277742909613,4702.888757799551,3609.3224025794016,5406.281111261297,4834.593403110523,3266.05025373747,8194.070402690046,8646.485950322018,6527.204524441883,7647.181500372389,5454.947482568626,7155.083345903311,4794.142043461819,3841.8275146358733,7430.86983000151,6277.612206516114,4266.404503473275,5849.751156270453,6929.771809739558,7987.201485689427,5137.655453432195,7842.782781583543,9940.859041225787,8992.26807875444,8487.686316254187,6624.2095968670355,6266.08792806514,7056.382936721286,6546.534830766137,7398.067712108553,7992.385902594426,6664.133566715519,6225.724605373576,4855.975419044611,6965.0669021440135,7538.570746397653,7346.286714970814,7646.278639867925,8902.684153637148,6520.018966027456,5575.536927108059,7495.029931841242,9700.615217005814,8144.761449388399,8217.011833472114,7489.175300714362,13118.969870567795,12064.261672476548,8941.755325279606,9400.229306672767,9832.944126261662,8171.178609280561,8709.136466967242,7772.051897844183,7987.0840290922715,8070.922120560051,8744.278281169343,4952.233337548378,11031.21949561409,8191.477660177761,10474.455764357008,6611.910938742116,8523.061559166725,9365.832458825857,9371.15007266179,9353.798687071989,9873.120589108154,8922.217318381854,9328.74034904247,5978.908776347616,9170.471310057474,6772.289646636517,9733.921052404727,9412.068713140487,9616.408900876933,8584.105635803882,5303.516176764647,8186.998375871272,10718.430372056631,13740.792086836276,10065.176447592878,10131.601995546542,6827.027804629121,9290.462813186836,9183.33485771608,8103.825661020598,17415.439088834366,16223.090007089499,15420.171267208896,15981.604639255564
a0,,,,,,,,,,,,,,[-3.30095031 -2.35304985 -0.21427322],[-2.98392035  1.4526812  -2.1349401 ],[-0.77065272  1.39427587 -3.72824176],[-1.62551784  3.86044501  0.11640622],[1.08112586 1.14692687 3.52653073],[-0.41602211 -3.78816326 -0.3524628 ],[2.20917035 2.8314998  1.33085521],[-3.42443443 -1.05918037  2.1081108 ],[3.39343151 1.90736225 0.89785272],[-0.22599802  3.95694237 -0.35807375],[-0.44360279  1.09127774  3.887741  ],[-3.40650165  1.54777314  0.98283445],[ 3.75131804 -0.26718957  1.10877711],[-3.666398    1.56987652 -0.59430552],[-3.14369021 -2.05174437  0.43987095],[-1.90995238  2.57256484 -2.02779558],[-3.56961503  1.44730013  1.29748178],[-4.03764195  0.23463124 -0.12489606],[-0.97699677  3.75544994 -1.26295834],[ 0.35273861 -3.05363641 -2.38379044],[ 3.63583539  1.21100982 -1.82167991],[-3.50385385 -0.4317651  -1.97090444],[ 3.8096863   1.27801245 -0.1551092 ],[ 2.51468101 -2.54711841  1.20085246],[-3.71117342 -1.68497335  0.23720238],[ 0.49208725 -3.49584433  1.85446659],[1.9454156  2.44134803 2.32791178],[-3.15772353  1.19228323  2.36420292],[-2.12723898  3.33433336  0.45634752],[ 3.81264905  0.71996025 -0.04223956],[3.11722573 2.01733933 1.32279426],[ 3.17757194 -2.19245967 -1.0677557 ],[-2.59900437 -0.49362324  2.79549586],[ 3.59866259 -0.64338714 -1.32190233],[-2.08310891  1.68021695  2.63883474],[ 3.8271128  -1.14248271  0.39395181],[-0.16364066  2.16623979 -3.5085687 ],[ 1.99324991 -0.40649816 -3.72310255],[ 3.56683967 -1.76627689  0.92330725],[3.58525434 0.67555615 1.32637531],[-0.96000074 -1.76735718 -3.3080415 ],[-0.91270315 -3.74538192  0.64810084],[-3.61245511 -0.92917373  1.37985252],[3.50963857 0.86998286 1.49929651],[-3.5711181   0.84854765 -1.23405763],[ 1.02322426 -3.53660862 -1.19830699],[-1.57317174  2.62642626  2.52397252],[ 0.37092237  0.91538614 -4.03266936],[ 0.91197824  2.0736906  -3.19287773],[-2.98791166  1.9886365  -1.665055  ],[-1.55160897 -3.65838507  0.49002404],[ 1.06042664  1.26048733 -3.78190926],[ 2.64839126 -0.06812996 -2.94393828],[ 2.03034948 -1.67872106  2.94006078],[-1.84731978 -0.59649682 -3.44474736],[0.1679925  3.10262361 2.79936449],[-3.1883022   0.77018492  2.57464799],[ 2.56729368  0.9835154  -3.13168598],[3.81769196 1.451437   0.46283388],[-3.72236572  0.83365509  1.06653922],[ 1.54443915 -3.66538716 -1.10053305],[ 2.21665707  1.53509342 -2.6486046 ],[-4.12803655  0.77005477 -0.04331025],[ 0.54992156 -0.00949218  4.01901283],[ 2.12656214 -2.5816538  -2.23273103],[ 3.0128083   1.37235283 -2.10362095],[ 0.17470598 -2.46752533 -3.11060868],[ 0.33759486 -2.80985389  2.98574067],[-1.87060288 -0.62141125 -3.72073419],[ 0.39823162  0.64811018 -4.23100177],[0.14717612 3.97483194 0.20212815],[ 2.32239782 -3.19873582 -0.9727905 ],[-0.6271435  -1.08242579 -3.90534443],[-0.90889516  1.33597281  3.77327178],[-2.39707607 -2.78591336 -0.57919037],[-3.74225355 -0.08547112 -1.22243499],[ 1.89591204 -3.23676993  0.8958838 ],[-0.48431243  0.19115583  3.90792606],[-0.4384869  -3.9812182   0.71173034],[ 0.77694008 -3.92773374  1.12578111],[ 0.19316905  3.61879063 -1.76585381],[1.51630461 0.61274303 3.80048166],[ 3.14396107 -0.78071477 -2.42450474],[ 1.61973462  3.70829241 -0.80833469],[ 2.17862043 -1.80038689  2.94268153],[-2.99727251  1.08956572  2.33160057],[ 0.89113665 -0.78627311  3.6895805 ],[-3.0505404  -0.447534   -2.68736067],[ 1.52137643  0.20947258 -3.54334325],[-1.4988786   3.01625087 -1.43496626],[-2.44846663 -1.18765914 -2.96490464],[ 2.91625668  0.34726412 -2.79799984],[-1.04500644  0.26677884 -3.95277669],[-0.50814165 -2.76686462  2.85812336],[-1.09994151 -1.62713946 -3.54635513],[ 0.16269323 -2.93270623  2.55013687],[-1.36387442  3.46205979 -1.53752935],[-0.88248397  3.93138657  0.60396619],[1.5722051  2.07928228 2.84174463],[ 3.48882298  0.85012683 -1.75288734],[0.52594215 2.83678748 3.00036917],[-1.12505282 -2.94586343 -2.3414944 ],[1.72824181 2.34208486 2.69244734],[-2.76080528 -2.08013208  1.98085133],[ 2.77447881 -2.1805842   1.96292729],[-1.54679334  2.47460475  2.66509773],[-0.33643901 -3.78449779  0.98337085],[ 3.79157668  1.56920898 -0.33861758],[3.20708761 0.86759229 2.21816644],[ 2.55256996 -0.35264752  3.05212621],[ 0.71683822  0.17116244 -3.86268242],[-3.50878228  0.38955768 -1.33815021],[-1.73678346 -3.49906465 -1.23826933],[-1.15217467 -1.33673095  3.62866633],[-2.34553234 -2.32039346 -2.36903649],[ 2.62398851 -1.01642056 -2.69764576],[-2.58211797 -3.05707214  0.02508205],[3.34491849 1.84016895 0.19975545],[-0.53884569 -0.12147458 -4.07974604],[-2.14045877  0.33227838 -3.33178017],[ 1.47789491 -0.29304508  3.7456708 ],[-2.61501902  2.99854023  0.13805086],[ 1.83941936 -3.36365065 -0.79238952],[ 3.28895908  0.7651771  -2.20294683],[ 2.72657335 -2.42644636  1.53092009],[3.46218664 1.80353957 1.61962755],[1.8977444  2.64804291 2.50677956],[ 2.14170996 -3.59406396  0.10369999],[-0.66372558  3.46462726  1.99383035],[-0.54997286  3.7885561   0.41123176],[-1.96256502  1.18439655 -3.06918273],[ 2.79310899 -1.5368029   2.44765363],[ 3.09838939 -0.14973533  2.54858054],[ 3.63025279  0.91324173 -0.16421973],[ 1.91266402 -3.47693671 -0.1054495 ],[1.02310157 3.07343747 2.45123789],[ 1.4650106  -3.28083908 -1.64638136],[-0.02209242 -3.22058345  2.30044539],[-1.37933927  3.5344583   0.92180961],[ 1.10869368  2.44844616 -3.1201119 ],[2.82340268 1.06367268 2.86906609],[ 3.22927064 -2.37406001  0.06572465],[ 0.98295326 -0.04582719  3.79536993],[-1.99272182  3.41777339  0.02107942],[-4.01772719 -0.25054189 -0.39937317],[-2.93276413 -0.29518605 -2.84055666],[-3.70979956  1.51510709 -0.54377929],[-1.18117336 -1.15343724  3.75763411],[ 3.98223599 -0.45800694 -1.11426945],[ 1.8995186   2.44266652 -2.39029483],[-2.55679325 -2.3905403  -1.95836324],[-0.66013948  3.19406922 -2.49236343],[ 0.53268544 -1.86283232  3.54748782],[ 1.79876954  1.6776267  -3.30639306],[ 2.96848118 -2.68263177 -0.13082984],[-1.86332724 -0.60534644 -3.53147861],[-1.88308638  2.09613211  2.17887395],[3.45532679 1.70418142 1.32050817],[-1.87503185  0.24338921 -3.57993508]
a1,,,,,,,,,,,,,,[ 1.70553629 -0.36258877 -3.68527726],[2.89663316 1.69242157 2.24785982],[-0.26334405 -3.94498002  0.07561892],[ 1.93730684  0.12389693 -3.50081666],[-3.04623869 -2.58799606  0.82782015],[ 2.31060907  2.52977373 -1.97080178],[ 1.11942014 -1.47108487 -3.47731608],[2.32175237 3.43800943 0.49435143],[-3.0906032   0.49629833  2.4075248 ],[-2.83313593 -2.28669033 -1.32251727],[ 3.66726083 -0.33226513 -1.3470932 ],[ 3.05995598 -0.04267797  2.72331732],[-1.28806674 -2.4648469  -2.99391789],[ 1.25832114 -3.35169432 -2.07299369],[ 3.0455672  -1.51786338 -1.99175702],[ 1.54292983 -2.80956471 -2.59542438],[ 1.87321275 -2.84159428  2.27485021],[1.37100813 0.7741727  3.52513173],[ 2.17832785 -2.20360972 -2.53540444],[-2.42611058  2.44736839 -1.92907007],[-1.81347692  2.4822449   2.59320617],[ 0.00800617 -1.86634009  3.40092968],[-0.58558935 -0.2274341   3.95338596],[-3.84696503  0.46450148  1.00451784],[1.52859452 0.94440198 3.67042626],[3.13872486 2.39505355 0.64342062],[-0.2627494  -3.5118421   1.59741088],[ 1.17914556 -4.05685312  0.23851886],[3.79190778 0.33050578 0.9087447 ],[-1.52787786 -1.21760324  3.64217581],[-0.40507993 -0.38676725 -3.79566336],[0.55026237 3.05207968 2.21575671],[-1.2749146  -0.32021008 -3.73248267],[-1.73733666 -3.16539982  1.35449303],[ 3.71032462  0.86572855 -0.63030265],[-1.13008806  2.9091559   2.48300842],[-0.86116778  2.15100347  3.10258287],[0.12363843 3.68966869 0.91158293],[ 0.21404733  3.99139132 -0.47272792],[-0.63284339 -4.01387181  0.55252366],[-3.34623672 -0.88596304  1.99765639],[-0.47999867  3.87452452 -0.66864355],[ 3.79176721 -0.76181654 -1.1789785 ],[-2.90617087  0.09476585  2.76303153],[ 2.96261009 -2.42773125  1.64185118],[-2.44465528  0.1074485   3.31037045],[ 3.54232423 -0.0137325   1.66179425],[ 3.25315475 -2.27359915  0.74754006],[-2.78803172 -0.54280861  2.58689832],[ 1.05739588 -2.81822101 -2.56094444],[-0.56125006  3.64113064  1.28921328],[ 0.82882867 -3.78459817 -0.8150368 ],[-3.28002855  2.22009072 -0.44034728],[ 1.6707094  -1.86597976 -3.16871019],[0.20389691 3.89184731 0.3949387 ],[ 3.56689036 -0.2122995  -1.62576546],[-1.80100205 -0.35525536 -3.43917514],[-3.44393104  1.51028735 -0.4335471 ],[ 0.45415857 -3.732839    1.36880366],[1.11028591 4.01928252 0.40889867],[-0.97730543  1.47677826 -3.69136149],[-1.93453486 -3.38654198  0.56595935],[ 2.13039466 -2.43602266 -2.08696051],[ 3.08384371  2.0326957  -1.43292156],[-2.62572538 -2.06929543  2.24082812],[-2.98036009 -0.36207751 -2.68355891],[ 2.23655155 -2.95175142  1.72425324],[ 3.98386727  0.48134608 -0.97396189],[-2.060015   -2.97310563  1.64525938],[2.15202262 2.39620281 2.1350612 ],[ 2.19240825 -3.00139131  1.44435603],[-0.77907752  2.33540754 -3.19914345],[-1.89432204 -1.16390452  3.16888387],[ 3.06784044 -2.37795226  0.88783983],[-0.54123734  3.73676521 -1.50121852],[ 1.66062089  3.09969227 -1.84037224],[-0.87957096  2.1573107   3.22522459],[ 1.59286934 -3.01608263  1.80624002],[2.73916786 1.52828779 2.62058661],[1.82277956 0.93104196 3.517374  ],[-0.90346531 -3.78402741  1.36396909],[ 1.87024064  3.85310339 -0.40399797],[-0.89319854  2.88900013 -2.64198355],[ 1.79100077 -1.58556464 -3.30922455],[ 0.61459233 -0.88026317 -3.76724763],[1.55893814 3.46286966 1.4374759 ],[-3.63803793 -1.38702843  0.3666202 ],[-1.93812232  2.98397299  1.92640274],[ 0.11653281 -3.34158819  2.05414131],[ 3.37683294  0.83230279 -1.60776658],[ 0.32277417  3.6303638  -1.4821928 ],[ 0.41025963  3.70263265 -2.27179651],[-2.69388139 -2.16228772  2.01198891],[-3.21063229 -0.34250369 -2.42823684],[-1.05729326 -1.23337719  3.70623319],[3.51448789 0.34624945 2.02774326],[ 3.54718392 -0.68439357 -1.98959609],[-3.81054807 -0.34313616 -0.69159303],[-0.22733921 -3.49054722 -1.64188321],[-1.73409778 -0.88303319 -3.32960138],[ 0.4936919   3.78966107 -1.17781684],[-1.4066222   2.8928477   2.42214875],[-2.19315855 -2.6389083   1.8190754 ],[ 0.60130167 -2.36947151 -3.3299386 ],[ 2.04109428 -0.64637489 -3.34719091],[ 1.52208968  3.14436553 -1.72166988],[-3.87522681 -0.88822903 -1.17361817],[ 0.97775944  1.40544672 -3.55654617],[-0.51542001 -1.66145656  3.48894219],[ 2.93035919  0.79033847 -2.43730737],[ 3.93585669 -0.07163962 -0.56721693],[ 2.02077055  3.19628027 -0.61913454],[-1.63601204  1.32847638 -3.52180764],[-0.13150806  3.54133369 -1.80400451],[ 1.34310453  1.47162127 -3.59558227],[-0.61129241  2.09553164 -3.4820263 ],[0.07082705 2.34329543 3.03837862],[-2.22489424  3.22012085 -1.23861725],[-0.04938622  2.74645103  2.74898895],[-3.9790197  -0.46053413  0.67422373],[-2.34202976 -2.79757443  1.88163412],[-0.09010915  1.94644036 -3.50807543],[ 2.89672261 -2.75617222  0.62245731],[3.29523349 0.60365539 2.08355543],[ 0.48486604  4.03386016 -0.55651814],[ 2.78515602 -1.13150824 -2.81564862],[-0.13604194 -1.53083472 -3.63681088],[ 3.67281839 -0.60782526  1.54825669],[ 1.39459254 -3.80279722  0.62732615],[-3.61767445 -0.37104694  1.8702415 ],[0.45169475 0.10163856 4.03928311],[ 3.67891647 -1.12197124 -1.04330511],[ 0.38693574 -1.66594302  3.61919791],[ 1.88322168 -2.91480763 -2.05873676],[ 0.2673352   2.60013987 -2.79380958],[ 2.67066408  1.29960786 -2.89805096],[-3.63249571 -1.57289372 -0.60606734],[-2.82761566  2.98264488 -0.34299538],[ 3.333297   -2.01597229 -0.34242672],[-1.74617847  3.61234063 -0.21984807],[ 1.45473049 -1.93820443  3.36979911],[ 0.36972937  0.67432456 -3.60468102],[-1.33624857  2.94888696 -2.23544191],[ 3.5689466   1.69627423 -0.51436362],[-0.56219047  0.69626638 -3.83576606],[ 2.08118132 -0.02565597 -3.32737516],[-1.19618616  2.16028048 -3.01421821],[ 2.64099331 -2.95861241 -0.19121547],[2.39763923 2.09701119 2.77918287],[-0.17668108  3.15687617  2.50410171],[ 3.67562402 -1.4854298  -0.16405382],[ 2.79321387 -2.36805195  1.75095277],[-2.12893797  2.33617741  2.33077033],[-3.71773868  1.290354   -0.88245522],[0.55113321 3.17685974 2.39284325],[ 2.87637521 -2.61686057 -0.88270446],[ 2.00254336  0.4128225  -3.31965273],[ 3.05405766 -2.711562    0.47630453],[ 1.71511979 -2.58859566  2.7143889 ]
a2,,,,,,,,,,,,,,[1.67428532 0.93293016 3.42944361],[-2.22063785 -2.26172952  2.19641121],[3.18075101 1.98788993 1.74754179],[ 2.26501689 -1.51439626  2.8519849 ],[ 2.47908128 -1.16430503 -3.27919163],[-3.12482328  1.86908801  1.26993063],[-3.55747551 -0.37652609  1.61452565],[ 2.05491044 -3.2127352  -0.49138272],[-0.70518601 -0.53762042 -3.90531278],[ 1.83367909 -2.24666794  2.81045634],[-1.89954329  2.6586032  -1.76053283],[ 1.35766446  1.97623371 -3.28381409],[-1.78950995  3.57050836  0.58934076],[2.45698221 2.83646736 1.62129694],[-0.11863761  4.01461159 -0.74296162],[-3.76589907e-02 -2.85490984e-03  4.00671376e+00],[ 1.52784378  1.08724992 -3.67394686],[ 2.12182805  1.52440693 -2.74378499],[-3.4307078  -1.60214935  1.30489352],[-1.61105058  0.28651336  3.73217737],[-1.28996746 -3.67167767 -0.47811804],[ 3.18721164 -0.22393726 -2.2425618 ],[-2.67795193  2.39524877 -1.67456979],[ 1.80971491  3.21985281 -0.54544807],[ 0.72113105  2.47665887 -3.177439  ],[-3.49819465  1.64744855  0.99717772],[-2.2138957   1.21393078 -3.22986647],[ 2.48943772  2.87119646 -1.27092818],[-1.75064688 -3.40736806  1.22088884],[-1.63083516 -1.31884403 -3.34034626],[-1.34058952 -2.82557854  2.35788541],[-3.4272542  -0.38691203 -1.98155033],[ 3.62465582 -1.49166865  0.33060971],[-2.94731874  2.431393   -1.345051  ],[-1.13937954 -3.90610389 -0.3575216 ],[-1.04088394  0.9428876  -3.66188402],[-2.48742264 -3.1913534  -0.19359498],[-3.68792778 -1.22008764 -0.76132688],[-2.93360177 -0.85943961  3.09462672],[-2.80527236  2.26560058  1.37548224],[ 4.14001376  0.06601756 -0.7263594 ],[ 1.19680445 -0.68326834 -3.6829735 ],[ 1.58948724 -1.85414893  2.97792183],[-0.9011744   2.3188195  -3.24100067],[ 0.58188932 -1.35860326 -3.72480721],[-1.80044263  0.98151963 -3.20909604],[-3.95685719 -1.0342078  -0.14496837],[-2.35160802 -2.32808787  2.20910365],[3.25432468 1.4733295  1.96174601],[0.44992233 3.94210492 1.03497566],[ 2.77344195 -2.0494191   1.90931629],[1.21994504 0.20894175 3.95808057],[-0.81536977 -3.44839775  1.86472526],[-3.32970177 -0.72300223  2.07552938],[-1.03315631 -3.69213279  0.96328762],[-2.74723395 -0.49084703 -2.98688899],[ 2.71932606  2.84013194 -0.8155176 ],[2.39657253 1.87277234 2.75128401],[-1.95548165  3.22133374  1.41526255],[ 3.1557088  -2.18596057  1.04225465],[-2.67491774  0.97452128  2.7725774 ],[1.72891405 2.01970944 2.95638969],[-1.43946496 -1.35359008  3.3820776 ],[-0.27519611 -3.49642691 -1.74445477],[-2.37373056  2.90021204 -1.40838884],[ 0.61760156 -3.57541042  0.93963153],[ 1.61240178  3.58727391 -1.26650533],[-1.56608707 -1.26204992 -3.35438711],[-0.80261357  3.40947773  1.7654998 ],[ 2.62504449 -2.66762635 -0.81795782],[-2.11835104 -0.69378447 -3.25998622],[1.53115901 2.40776477 2.9965804 ],[-2.37614361  2.75079764 -1.35791446],[-3.1163427  -1.18205197 -2.26407651],[-0.4767275  -0.57889177  3.80774123],[ 1.24637365 -0.76758393  3.73385497],[ 1.45448471  2.3780276  -2.64351798],[-2.04404423 -2.28155054 -2.29695381],[ 1.17794968  1.51416395 -3.3392039 ],[ 1.42392067  2.5437511  -2.76966123],[-3.17002214 -1.70758728 -1.86679908],[-2.26433335  2.53131601 -1.92657054],[2.58817282 1.11198831 2.89083515],[ 1.40503285 -0.90425415  3.73020919],[-3.28216705 -2.29529265 -0.48537688],[ 3.22184782 -2.5862175   0.89920982],[ 3.71029783  0.39272388 -1.46668025],[ 0.35624942 -3.38257167  2.0239862 ],[-2.52518568  2.60212967  1.5266757 ],[ 1.20125156 -2.57295807 -2.77942441],[-2.16978221 -3.20672204 -0.1516191 ],[-2.01439451  1.90149335  2.96177592],[-0.8683761   1.52789412  3.25451799],[-3.16004184  1.79135939  1.64353832],[ 3.0398236  -2.06146901 -1.40707578],[ 1.91246345  3.31271764 -1.41478556],[ 2.77143334 -0.59809061  2.8778108 ],[ 3.32293175 -0.83652667 -1.89513907],[-2.29638291  1.6912194  -2.75180189],[-0.69253145  3.96719402  0.46780347],[-2.82813951 -1.12966217 -2.4194553 ],[ 1.558509   -0.75346726  3.57421259],[ 1.97551155 -3.22510365  0.32479436],[ 3.92222498 -1.47167236 -0.71048962],[-0.07181127  3.16257325 -2.28202807],[-1.00973141 -0.10088052 -3.83150758],[-2.29697283  2.14266626  2.59065673],[-3.12002334  2.05179054 -0.52159071],[-3.08784129  2.3438184   1.02955263],[-0.49850826  3.93239312 -0.31038442],[-3.90236271  1.32634817 -0.0679156 ],[ 2.7886621  -2.88715254 -0.70315733],[-1.83945237  3.44215117  0.19815011],[ 3.641045   -0.6810855   1.03661525],[ 3.89695268  0.31143289 -0.64442616],[-2.83703364 -1.96877044  1.89012179],[3.23325542 0.28363945 2.50572858],[ 1.2638181  -2.73514199 -2.64958135],[ 0.2028733  -3.27035531  2.35602524],[-0.94030738 -0.4934966   3.8904955 ],[ 1.49316819  2.79321214 -2.22525964],[ 3.87295574  0.79031131 -0.67464904],[-0.78816355  3.25237038 -2.10055223],[-2.38628614 -2.94108142  1.58535337],[0.52712482 1.51978125 3.64715291],[-1.74881995 -3.80127514  0.23148968],[-3.25122412  1.85963834 -1.33400932],[-0.93062658  1.06611854  3.87549727],[ 0.33781053  0.42836837 -3.94351627],[-1.47087424 -3.09231879 -2.14752369],[-3.51682202  1.8921999  -0.46804272],[-2.18541785 -2.47704296 -2.46179942],[-2.30798947  2.94721377  1.33875017],[-2.72176928 -0.65189279 -2.90428338],[-0.50375962 -0.75520331  4.0870039 ],[ 2.98455736 -2.43726568  1.53477451],[-1.78144963 -0.14247077  3.42721645],[-3.94222924  0.10585371 -0.65409673],[ 1.31200699  1.66526108 -3.16400571],[-3.40268513 -2.62212249  0.45135945],[-3.78931648  1.29254351  0.71510805],[ 2.9512855   2.45472589 -1.35689816],[ 3.92277437  0.27971344 -1.13853017],[-1.32958378  1.08242911  3.79111695],[ 3.07889121 -1.9757633  -1.50839761],[-1.63296959 -2.95453928  1.88555337],[ 2.99801698 -2.23467303 -1.25444673],[3.84520286 1.25192608 0.60205212],[-0.32045557  2.4712242   3.11786884],[-3.52030068 -1.51758521 -1.05966056],[-1.0949558  -1.54449828  3.43981528],[ 2.46118015 -2.14117271 -2.43839072],[-3.78755363  0.97577903 -0.76534402],[1.7920979  0.11258012 3.64879354],[-0.25055717 -0.95298232  3.89809784],[-1.18835772 -3.36145513  1.78122102],[ 2.27687987 -3.1120449   1.20757214],[ 1.13622284  2.22157449 -3.25688275],[-0.70760851  3.70416051  1.05160854]
s0,,,,,,,,,,,,,,25.61044789652929,28.02585857342463,25.21732985901834,28.157315103677853,26.885421106309792,30.595645810370783,28.625700852874004,30.41389441605785,0.0,28.24994072936212,30.78677787065837,32.012002712610574,0.0,31.46365208936196,31.04219694382019,33.216827767211626,0.0,30.9785330762288,31.43732201749862,32.122391061189994,0.0,24.520636228152842,32.413052468908226,32.351881658773436,0.0,0.0,34.529661475154136,33.29162058207571,0.0,0.0,31.21586083785031,33.83073252306642,0.0,32.507232926964654,0.0,0.0,0.0,0.0,0.0,0.0,24.627664406625712,29.891232455146742,28.981469028699795,29.312732452678453,32.048800875571395,30.134788020759427,32.610961175912095,0.0,32.72703705451752,32.40186520666723,31.821958653975315,0.0,0.0,32.07186944422566,32.86514077935647,0.0,0.0,30.710966443266166,32.18853498241234,0.0,0.0,31.631137031450315,34.06987629372919,0.0,0.0,32.046625386947255,34.198856767976714,0.0,0.0,33.48819839420384,33.68347656313488,0.0,33.375630457596145,0.0,0.0,0.0,0.0,0.0,0.0,0.0,36.546497305017816,0.0,36.40966483170201,27.432017541972726,38.1596450730897,0.0,37.51285066528347,0.0,39.45946026153283,37.05555560805883,38.56301855791071,0.0,0.0,36.00372685378385,38.55555558405587,0.0,0.0,36.110878407180685,38.06208057761703,0.0,0.0,35.25561270276454,37.6239946912694,0.0,0.0,35.69071000628443,36.26316948492679,0.0,0.0,34.50329412473084,35.50659264176787,0.0,46.20267413168155,0.0,0.0,0.0,0.0,0.0,0.0,0.0,31.044429301577303,0.0,40.10369284825602,0.0,37.40315244039521,0.0,47.16451870876155,0.0,38.968289727029166,36.51498152152759,37.195493748574144,0.0,0.0,35.94737324018524,37.55565318226296,0.0,0.0,34.62760291463892,37.258165821309426,0.0,0.0,36.483564692013914,38.5000271724835,0.0,0.0,36.259044031851936,36.35776341346761,0.0,0.0,34.05564496683256,37.63121958518251,0.0,38.61540025507209,0.0,37.55205294126693,0.0,0.0,0.0,0.0
s1,,,,,,,,,,,,,,0.0,0.0,0.0,0.0,0.0,0.0,0.0,0.0,0.0,0.0,0.0,0.0,0.0,0.0,0.0,0.0,0.0,0.0,0.0,0.0,0.0,0.0,0.0,0.0,0.0,0.0,0.0,0.0,0.0,0.0,0.0,0.0,0.0,0.0,0.0,0.0,0.0,0.0,0.0,0.0,24.311174667015088,30.676998885038646,29.809715099136394,26.272796912264607,32.17025854314296,28.534256124706236,32.56330378297714,0.0,31.480132039105342,30.5335566328256,30.48682037829999,0.0,0.0,30.396535466892292,31.229500608228367,0.0,0.0,28.935741581266036,31.580240300758152,0.0,0.0,29.65027966270167,33.702446649225315,0.0,0.0,31.301425472543745,33.029343288443556,0.0,0.0,32.24068109866391,31.617266263476484,0.0,33.85692779645223,0.0,0.0,0.0,0.0,0.0,0.0,0.0,39.98254345171263,0.0,39.388928201672286,34.81685895950534,40.3199867193635,0.0,40.494776504895164,0.0,40.60777401681717,39.87338092407155,40.890294161992315,0.0,0.0,40.819861547576174,40.50586432045526,0.0,0.0,38.88866583330887,40.254546662896004,0.0,0.0,38.37618908724451,40.36108463484119,0.0,0.0,40.123581535141255,39.62505456700972,0.0,0.0,38.12346906106619,39.651257725431286,0.0,40.21566321730717,0.0,0.0,0.0,0.0,0.0,0.0,0.0,41.89883136232744,0.0,37.144862611945726,0.0,40.6869154014195,0.0,39.749122295312894,0.0,40.67984406176172,40.6923026131032,41.79386705596157,0.0,0.0,41.411810161299144,41.09156937078361,0.0,0.0,40.73315604906509,40.29375607540798,0.0,0.0,40.415828552998285,40.64612565027104,0.0,0.0,39.69970419491812,39.66196337644971,0.0,0.0,37.920263596243956,40.55915016431023,0.0,41.354566472692035,0.0,37.481249181603424,0.0,0.0,0.0,0.0
s2,,,,,,,,,,,,,,17.206569149634994,16.562732770415455,16.958146508149472,17.561714502463634,17.980818608421796,17.221195944766627,17.531999266865903,18.02112283876006,0.0,17.73498386107179,18.131174345840645,18.59714679675939,0.0,17.789404587316692,18.68890175859011,19.32086475680411,0.0,17.70609008333751,18.676397400650952,18.497944570029244,0.0,17.28149725193197,18.58217214227758,17.910017410340107,0.0,0.0,18.607255621656503,17.555937350528836,0.0,0.0,18.75843062796578,18.419358063066774,0.0,18.611270756422904,0.0,0.0,0.0,0.0,0.0,0.0,16.514615847156126,15.719543700898987,16.189859148220165,18.897998147388282,17.138162606039863,19.248283751533712,18.19976493481473,0.0,18.831753611688377,19.439278312965666,18.025018656727834,0.0,0.0,18.60618974503408,18.57815120920299,0.0,0.0,18.351211441270035,18.05985766875559,0.0,0.0,19.30726765712457,18.50317519590605,0.0,0.0,18.420380905781528,18.49950373425006,0.0,0.0,18.922297342241443,19.77488911033078,0.0,17.769981900969956,0.0,0.0,0.0,0.0,0.0,0.0,0.0,17.076501871394075,0.0,17.02290443110966,17.880993970171584,18.98044008558975,0.0,17.83927019108016,0.0,18.19164304632456,19.271790356717627,19.383491773760507,0.0,0.0,19.038535212834674,18.638588680348487,0.0,0.0,18.71214974768,19.298318251941378,0.0,0.0,18.97096389369079,18.45801213531634,0.0,0.0,19.89171383990771,19.16184414818292,0.0,0.0,18.415029784880097,18.01786172323546,0.0,17.677092317333045,0.0,0.0,0.0,0.0,0.0,0.0,0.0,16.466224061045093,0.0,17.500803899375818,0.0,18.0869072317601,0.0,17.413360403329776,0.0,19.047767263866177,18.428316442003133,18.675647259072445,0.0,0.0,18.00501789926278,18.746124447740574,0.0,0.0,18.72080906156573,19.026724571604916,0.0,0.0,19.07274816837496,17.668636500808887,0.0,0.0,18.98106147155927,20.09249042957113,0.0,0.0,19.616987659422854,19.16436498052459,0.0,18.00240423278711,0.0,17.901799354916456,0.0,0.0,0.0,0.0
a3,,,,,,,,,,,,,,,,,,,,,,,,,,,,,,,,,,,,,,,,,,,,,,,,,,,,,,[0.40134899 3.27627081 2.31443689],[-2.88015083  0.7474857   2.41305299],[-1.27598645 -0.18607297 -3.80412421],[ 0.71651939 -3.61005628 -1.25908748],[-1.72159773  0.11763497  3.63812819],[ 3.20614681  2.48204595 -0.54657542],[ 1.38259006 -1.53072689 -3.52739417],[-0.81454657  3.66009516  1.73551666],[-1.99246743 -2.91437756 -2.06118577],[ 0.29716883 -2.30101111  3.18730309],[-0.25327483  1.49930238 -3.62264609],[-3.21047972  2.49666497  0.08683159],[1.65879718 1.45226041 3.08826213],[ 1.30113731  3.50277629 -1.69801424],[3.99667223 0.21383743 0.91811022],[-1.233305   -2.50795136  2.8165797 ],[ 1.51496289 -3.22288537  1.79092044],[-1.57792903 -3.43605272 -1.43372572],[-1.31629468 -2.57425638 -2.62864447],[-1.12513928 -1.55356684 -3.51673614],[3.07170649 1.57868512 2.31454433],[-3.6650437   0.40449664 -1.21963518],[2.51674355 2.80678392 0.27067826],[-3.69916691  0.760399   -0.8848088 ],[3.17209013 1.66767891 1.69547467],[-2.82854431  2.67214156  1.47461249],[-3.18680551  0.70347811  2.0482641 ],[-2.20999994  3.03935895  1.24283071],[ 3.77095678 -1.03262668 -0.3921707 ],[-3.45043902 -1.99693036  1.18263918],[-1.41563804 -0.34465563  3.62720848],[-3.47115933 -1.8879346   1.0686623 ],[ 3.58888803 -0.39458115  1.58989615],[ 0.25260718  3.92918242 -1.04896403],[ 4.07200487 -0.16606561 -0.46246539],[ 0.42677613 -3.8697969  -1.13597903],[-3.21461421 -2.18107702 -0.78355331],[-3.96331704  0.39131002  0.67308952],[-4.01821507  0.27343639  0.22911202],[-3.41595095  1.87846565  0.0346182 ],[ 2.63476187 -2.42755648 -1.9946931 ],[ 1.09612836 -2.64262493 -2.90399833],[-3.7097275  -0.64335855 -1.51019697],[-1.77062686 -3.50852942 -1.36254537],[ 3.74927657 -0.78572564 -1.00895567],[-0.28152555 -0.43541113 -4.06751079],[-0.89275203  3.51452825 -1.71677886],[3.89117421 1.16004573 0.18692058],[3.22154724 0.48209018 2.03669961],[-0.55742643 -3.72858427  1.5668784 ],[ 2.75735223 -1.47268833  2.50251694],[-2.40253785 -3.28470611 -0.23023143],[1.52853963 3.56168308 0.29995532],[2.02630719 2.92085703 2.13938443],[0.07828194 3.91511284 0.62712362],[-0.75834925 -2.12445383 -3.38419574],[-2.26821658 -0.68557955  3.31199081],[-0.33637756 -3.89457597  0.72433514],[ 3.36277838 -2.01640965 -0.1376464 ],[-1.63800699 -0.47923234  3.67499981],[ 3.013028   -2.27826388 -1.3382508 ],[ 3.10069789  1.06238579 -2.23915998],[ 0.13084378  0.19454505 -4.04828231],[2.43625075 1.83436524 2.72932406],[-3.36628677 -2.3806023  -0.51146803],[ 1.95817937 -2.6006908   1.90516174],[ 2.33428471  2.52110546 -1.96910478],[0.45222703 0.13492414 4.05495975],[-1.1686048  -2.72796145 -2.59658448],[-3.04343782  2.1750989   1.48705069],[0.24324515 3.78099871 0.98898856],[ 0.75151823 -2.10282897  3.39559759],[-2.40433597  0.14738529  3.03154531],[ 1.25328786 -2.53011288 -2.62166895],[ 2.01280845 -2.49717667  2.16497799],[0.57510759 3.27236947 2.48605426],[ 2.60626115 -2.7000694  -1.05982521],[-1.37190015 -2.61552005  2.91866775],[-2.97813868 -2.56158854 -0.19347071],[1.05364612 2.58034248 2.94812975],[-0.93992489 -0.00574688 -3.78722482],[ 1.571548   -3.69522627 -0.13542018],[-2.63373678  3.1771464  -0.66569608],[-3.05659962  2.26496633  1.66635589],[ 1.25611029  2.60148226 -2.89821344],[-1.29714716 -2.3212691   2.91365284],[-3.04750924  2.54648687 -0.5594434 ],[-0.66126219  3.98801796  0.90908959],[1.93067056 0.54899263 3.64935901],[ 1.94368384  3.28509837 -1.01290091],[-0.81267179 -3.95291749  0.17634195],[ 0.20089193  2.36047578 -3.16529072],[-3.9204843  -0.30211716  0.1997379 ],[-0.3050135   3.84299503 -1.59818852],[3.65366869 0.51186451 1.48098001],[-0.81634401 -3.05942427  2.62472105],[ 3.53963893 -0.57248809  2.01764001],[-0.94521032 -3.14280141 -2.13295555],[-2.06425863  1.3569867  -2.74214076],[0.44430456 0.62543615 3.77596693],[-1.08842026 -3.57845392  0.68996615],[-0.60006522  3.73804533  1.18177581],[ 0.2771051  -2.51383853 -3.33249206],[ 0.31810627 -3.03546468  2.52715867],[ 0.48913863 -2.79371665  3.01887257],[ 3.29754336 -2.07109199  0.17870521],[-1.34737325 -2.24857706  2.92584274],[-1.53675602  2.80708803 -2.57536209],[-2.70442943  1.76381498 -2.42906912],[ 2.02367986 -3.12282394  1.35073698],[ 3.02310177 -0.61223595 -2.37976837],[-3.15736779 -2.76612169 -0.37424368],[ 3.31991005  2.0300803  -1.06935526],[-2.44487083 -2.97757208 -0.00926428],[-2.67869195 -1.37006007 -2.72848115],[-1.57625873 -0.35945071  3.6685327 ],[-0.27121583 -3.88760143 -1.13270738],[-2.40644242  0.87815965 -3.11694354],[ 4.10352589 -0.87718859 -0.2506314 ]
a4,,,,,,,,,,,,,,,,,,,,,,,,,,,,,,,,,,,,,,,,,,,,,,,,,,,,,,,,,,,,,,,,,,,,,,,,,,,,,,,,,,,,,,,,,,,,,[-2.05495246 -3.0815321  -1.90870309],[-0.95679075  1.03156057  3.89416405],[-3.87333813 -0.31277144  1.23620065],[-1.6484952   0.87561732  3.38163685],[-3.67618948  1.28887157  0.24986107],[-2.29348587  3.27302843  0.61404605],[-2.14721948 -3.1802934   0.86215656],[ 2.1744257  -1.88431021 -2.73241944],[ 1.0150551  -0.48139129 -3.91745963],[ 0.3453781  -3.87054362 -0.93534063],[2.28895825 0.17325272 3.05658187],[-2.1133238   2.66629105  1.86763405],[ 2.84216688 -1.99913181  2.11873243],[ 3.61314711 -1.58653223  0.22367127],[ 1.06610233 -3.51016705 -1.62755693],[ 1.91819979 -2.2100356   2.66372834],[-3.26789281  1.01255088  2.09249448],[-2.11628028 -2.91278005 -1.90359928],[ 0.40952267 -0.37354516  3.82528766],[-2.39837392 -0.56215825  3.16260675],[ 2.50911552 -2.74994829  1.36564946],[ 0.10234108 -1.33360459  3.72304822],[-1.36398669  3.32115869 -1.57983099],[-3.87372454  0.84223574  0.03731466],[-2.31878281  3.06113797 -1.38679634],[-0.10375114  2.78705916  2.98714275],[-3.97874192 -1.00690057  0.16586444],[-1.62700252 -0.29965112 -3.73313818],[-0.5529103  -3.866991   -0.25321964],[ 2.93080683  1.24510763 -2.36202481],[-2.92848525 -2.49519288 -1.16773304],[ 0.02103099 -3.68506435  1.80992648],[-1.27007594  1.25463091  3.58412487],[2.86221604 0.40408511 2.669173  ],[-3.16870884 -2.32528869 -0.55263996],[-1.99313579  3.40537749  1.13575908],[ 3.74132097 -0.70412295  0.8873812 ],[ 1.03080174  1.89278987 -2.97638778],[ 1.47904054 -0.48770967  3.64536051],[ 3.53112012 -1.30773909  0.68051031],[ 2.13569101  3.20287155 -0.78495521],[-3.55917703  1.6162121   0.76640901],[-2.18233696 -3.09904314 -0.68136619],[-0.72993487 -1.3177258   3.64321285],[-1.50511949  1.9292162  -3.49803362],[-1.73015186 -3.36734407 -1.04181119],[-2.44483718  2.24462781 -2.35560625],[ 0.65716997 -3.25358555  2.48790957],[-0.7489272   1.11266064 -3.73210977],[ 1.38198996  0.65812348 -3.47045197],[ 3.38282385 -1.9913971  -0.1811927 ],[ 2.77412192 -0.18705875 -2.56491249],[1.2622552  3.85830166 0.24132002],[-1.44435536 -3.38206413 -1.65089594],[-1.09901336 -1.51526117  3.39440074],[-3.7648126   1.47006037  1.06482986],[-2.80156389 -0.10651555 -2.80567989],[ 0.52082082  3.90317821 -0.39772182],[ 0.37067529 -0.55028562 -3.82990188],[-1.59776514  1.70490032  3.00699918],[ 3.5690449  -0.02680724  1.563455  ],[ 1.28472868 -1.68375321 -3.42316645],[-0.92703295  0.83311735  3.62186669],[-1.12680438 -3.78026188  0.28624952],[-1.44177055 -2.39087768 -2.78425327],[1.59078518 3.20892786 1.94305488],[-0.04296161  2.43623122  3.23246678],[0.98379875 2.42956858 3.11441854],[-2.14363658 -2.18478186 -2.65140529],[-1.70400043 -1.12466123  3.56637202],[ 3.53299669  0.43033346 -1.26392833],[0.16086239 1.87568429 3.65570178],[-3.52246353  0.0276989   1.80483143],[ 0.81639922 -1.37687323 -3.67092759],[ 2.17197762 -3.09813004 -0.90422209],[ 3.03288768  1.12184271 -2.13334261],[3.23552996 2.08797519 0.50518847],[-2.45513007  1.32462859 -2.83009604],[-1.2486327  -3.6891659   0.76636213],[-2.30473648  1.28969867  3.00105135]
a5,,,,,,,,,,,,,,,,,,,,,,,,,,,,,,,,,,,,,,,,,,,,,,,,,,,,,,,,,,,,,,,,,,,,,,,,,,,,,,,,,,,,,,,,,,,,,,,,,,,,,,,,,,,,,,,,,,,,,,,,,,,,,,,,,,,,,[ 2.14873565 -2.80538351 -1.49587868],[ 2.4990259  -2.95257097  0.44802427],[-0.41010236  0.44766071  4.01769502],[ 1.8531471   0.2500306  -3.48709453],[ 0.41365658 -3.17064208 -2.57486048],[-3.2059281   1.59059606  1.65157628],[-1.00412164  3.67628208  0.95155475],[-2.613603   -1.28989292  2.80420464],[-3.36102115 -1.97405611 -0.99581093],[-3.77639388 -0.49635457  1.18809984],[ 2.032792   -1.5311405   3.01696973],[1.39614961 1.27092232 3.38279025],[-2.49224478  1.9683966   2.54353395],[ 2.57609868  1.7658965  -2.3671573 ],[0.50381847 0.59341032 3.86647543],[ 1.80691574  3.43274556 -0.28924187],[-2.32919734  2.81420398  1.31715116],[ 0.48927303  0.95347401 -4.16558819],[ 3.75879572  1.37743563 -0.25375667],[-2.19810178 -3.08060611 -1.34009001],[ 2.26429301 -1.57727149 -2.8505198 ],[ 2.46838451  1.73667991 -2.39401294],[-3.26504268 -0.41642336 -2.07617764],[-3.58092701  1.33170148  0.68379892],[-3.55218515 -0.83762237 -1.76165103],[-1.8266025   3.51415991  0.16377221],[-0.16773549  4.02874173  0.12446591],[-1.64788039 -3.42407863 -1.20008898],[-3.34306211  0.36633078  2.14663077],[ 0.89698527 -3.81543164 -0.17277477],[-1.77466232  0.4850239  -3.47080524],[-1.83845955  2.93432773 -2.00552755],[1.26530386 2.73393565 2.50086291],[-0.08653479 -3.78959388  0.7220368 ],[0.8682445  3.5040002  1.73314181],[ 0.90481223  3.73215978 -1.04630662],[-1.16785836  3.65107749  1.8017724 ],[2.50182201 2.70515103 0.68360888],[-1.19357771  3.13014889  2.3948357 ],[-3.18391564 -2.51260124  0.30818565]
